{
    "Ar36": {
        "error": 1.075357427082279e-05, 
        "filter_outliers_dict": {
            "filter_outliers": true, 
            "iterations": 2, 
            "std_devs": 2
        }, 
        "fit": "Parabolic", 
        "value": 3.423453077425567e-05
    }, 
    "Ar37": {
        "error": 0.0125312856439718, 
        "filter_outliers_dict": {
            "filter_outliers": true, 
            "iterations": 2, 
            "std_devs": 2
        }, 
        "fit": "linear", 
        "value": 0.023295957795890884
    }, 
    "Ar38": {
        "error": 0.01363909769572137, 
        "filter_outliers_dict": {
            "filter_outliers": true, 
            "iterations": 2, 
            "std_devs": 2
        }, 
        "fit": "linear", 
        "value": -0.08748469852259877
    }, 
    "Ar39": {
        "error": 0.024242307872687656, 
        "filter_outliers_dict": {
            "filter_outliers": true, 
            "iterations": 2, 
            "std_devs": 2
        }, 
        "fit": "Parabolic", 
        "value": 0.06988653111076412
    }, 
    "Ar40": {
        "error": 0.019186947428403444, 
        "filter_outliers_dict": {
            "filter_outliers": true, 
            "iterations": 2, 
            "std_devs": 2
        }, 
        "fit": "Parabolic", 
        "value": 2.9366133776905405
    }
}